S.No.,EVENT,INCHARGE,LOCATION,Category,Floor,Team Size,Duration,Description
1,Coding Challenge,Aniyarasi,CAD LAB,Technical,First Floor,1-2,3 hrs,Test your programming prowess in this intense coding battle. Like Zoro's three-sword style wield your algorithms with precision.
2,UI/UX Challenge,Aniyarasi,CAD LAB,Technical,First Floor,1-2,3 hrs,Craft beautiful interfaces worthy of the Wano Kingdom. Show your design mastery like Robin deciphering Poneglyphs.
3,AI Prompt,Vaishnavi,IT LAB,Technical,Second Floor,1-2,2 hrs,Command AI like a Devil Fruit user. Craft the perfect prompts to unleash artificial intelligence.
4,Capture the Flag,Vaishnavi,IT LAB,Technical,Second Floor,1-3,4 hrs,Like Luffy capturing enemy territory find the hidden flags and prove your cybersecurity skills.
5,Paper Presentation,"Sandhiya; Sowmika; Nithya; Tholhappiyan; Ishwariya; Meera Devi; Maheswari; Sowmiya","SH 02; LH 06; LH 05; ALUMNI CELL; SH 05; LH 29; LH 25; LH 24",Technical,Multiple Floors,1-3,15 min,Present your research like a scholar of the Void Century. Share knowledge that could change the world.
6,Project Expo,Saranya,IQAC,Technical,Ground Floor,2-4,All Day,Showcase your innovations at the Grand Expo. Like Franky's inventions let your projects amaze the world.
7,Will of D,Swathi,LH 28,Non-Technical,Second Floor,1-4,2 hrs,A mysterious challenge that tests your will and determination. Only those with the D in their name can prevail.
8,Red Line Rush,Srimathi,GROUND,Non-Technical,Ground Floor,2-4,1.5 hrs,Race across the Red Line in this thrilling physical and mental challenge. Speed agility and wit required!
9,Dance Arena,"Pavithra; Priyadarshini",OAT,Non-Technical,Ground Floor,1-8,2 hrs,Dance like the Sun God Nika himself! Show your groove and bring joy to the whole kingdom.
10,Bink Rhythm,"Pavithra; Priyadarshini",OAT,Non-Technical,Ground Floor,1-6,2 hrs,A musical extravaganza inspired by Bink's Sake. Sing play and fill the air with pirate melodies.
11,Pirate Portraits,Bhuvaneshwari,SEMINAR HALL,Non-Technical,Ground Floor,1,2 hrs,Sketch your pirate crew! An art competition where creativity meets the One Piece universe.
12,Grand Line Visuals,Bhuvaneshwari,SEMINAR HALL,Non-Technical,Ground Floor,1-2,All Day,Photography and visual storytelling contest. Capture moments worthy of a Sea King's memory.
13,Straw Hat Studio,Kalaiarasi,WEBINAR HALL,Non-Technical,Ground Floor,2-5,Submission,Short film and reels competition. Direct your own pirate adventure in this creative showdown.
14,E-Sports,—,AUDITORIUM,E-Sports,Third Floor,1-5,All Day,Battle it out in the digital arena! Gaming tournaments fit for the Pirate King. Multiple titles one champion.
15,Pitch,Sudhakar,COMMUNICATION LAB,Technical,Third Floor,1-3,2 hrs,Pitch your revolutionary ideas and startup visions to the Wano elders. Compelling storytelling meets technological ambition.
